{"cameraMode":{"drawMode":0,"name":"Shaded","section":"Shading Mode"},"sceneLighting":true,"audioPlay":false,"sceneViewState":{"showFog":true,"showMaterialUpdate":false,"showSkybox":false,"showFlares":true,"showImageEffects":true,"showParticleSystems":true},"in2DMode":false,"pivot":{"x":254.2733154296875,"y":184.41778564453126,"z":-368.1434326171875},"rotation":{"x":-0.3449787199497223,"y":0.052060410380363467,"z":0.019168676808476449,"w":0.9369695782661438},"size":22.0,"orthographic":false}